{"cameraMode":{"drawMode":0,"name":"Shaded","section":"Shading Mode"},"sceneLighting":false,"audioPlay":false,"sceneViewState":{"showFog":true,"showMaterialUpdate":false,"showSkybox":true,"showFlares":true,"showImageEffects":true,"showParticleSystems":true},"in2DMode":false,"pivot":{"x":2.7939677238464357e-9,"y":0.0,"z":-5.587935447692871e-9},"rotation":{"x":-0.3712744116783142,"y":0.06315585970878601,"z":-0.025321464985609056,"w":-0.9260267019271851},"size":0.20208291709423066,"orthographic":false}