{"cameraMode":{"drawMode":0,"name":"Shaded","section":"Shading Mode"},"sceneLighting":false,"audioPlay":false,"sceneViewState":{"showFog":true,"showMaterialUpdate":false,"showSkybox":true,"showFlares":true,"showImageEffects":true,"showParticleSystems":true},"in2DMode":false,"pivot":{"x":0.11075986921787262,"y":-0.01848164200782776,"z":-0.03576912730932236},"rotation":{"x":-0.41725295782089236,"y":-0.1655818372964859,"z":0.07761108130216599,"w":-0.8902018070220947},"size":0.1428941935300827,"orthographic":false}