{"cameraMode":{"drawMode":0,"name":"Shaded","section":"Shading Mode"},"sceneLighting":false,"audioPlay":false,"sceneViewState":{"showFog":true,"showMaterialUpdate":false,"showSkybox":true,"showFlares":true,"showImageEffects":true,"showParticleSystems":true},"in2DMode":false,"pivot":{"x":0.03959102928638458,"y":0.03707199543714523,"z":-0.0051975250244140629},"rotation":{"x":0.066427081823349,"y":-0.25107425451278689,"z":-0.0172735508531332,"w":-0.9655313491821289},"size":0.1428941935300827,"orthographic":false}