{"cameraMode":{"drawMode":0,"name":"Shaded","section":"Shading Mode"},"sceneLighting":false,"audioPlay":false,"sceneViewState":{"showFog":true,"showMaterialUpdate":false,"showSkybox":true,"showFlares":true,"showImageEffects":true,"showParticleSystems":true},"in2DMode":false,"pivot":{"x":0.007901184260845185,"y":0.012254282832145691,"z":-0.008705750107765198},"rotation":{"x":-0.20314694941043855,"y":-0.194740429520607,"z":0.04126519337296486,"w":-0.9586995244026184},"size":0.20208293199539185,"orthographic":false}